Timestamp,"When you need to learn a new concept, what do you try first?",Which domain are you looking to crack in ?,What usually makes you stop watching an educational video midway?,What's you opinion on math ?,How often do you actually open official documentation to learn something?,What video length do you prefer for learning a single concept?,Do you prefer Tamil or English for technical content?,Which group do you fall in ?
5/3/2026 18:54:06,"YouTube, Ask a friend",Data Science,Too long,I never understood it properly,Know it exists but never use it,Don't care if the content is good,Tamil explanation with English technical terms,Working Professional
5/3/2026 19:10:10,"YouTube, AI tools (ChatGPT/Gemini/Claude)",SDE,Too long,I am good at it,Sometimes,10 to 20 minutes,Full English,Undergrad ( I or II year )
5/3/2026 19:12:37,"Google search, AI tools (ChatGPT/Gemini/Claude)",Mechanical,Too long,I am good at it,Sometimes,10 to 20 minutes,Full English,Undergrad ( I or II year )
5/3/2026 19:13:44,"YouTube, Google search, AI tools (ChatGPT/Gemini/Claude)",SDE,Too advanced for me,I never understood it properly,Know it exists but never use it,Don't care if the content is good,No preference,Undergrad ( I or II year )
5/3/2026 19:16:13,"YouTube, Google search, AI tools (ChatGPT/Gemini/Claude), Official documentation, Textbook",Electronics,Too basic for me,I am good at it,Sometimes,Don't care if the content is good,Full English,Undergrad ( I or II year )
5/3/2026 19:45:31,"YouTube, Ask a friend, AI tools (ChatGPT/Gemini/Claude)",AI Enginneer,Too advanced for me,I never understood it properly,Know it exists but never use it,Don't care if the content is good,No preference,Undergrad ( I or II year )
5/3/2026 19:47:32,AI tools (ChatGPT/Gemini/Claude),Business Analyst ,Too basic for me,I am good at it,Know it exists but never use it,Don't care if the content is good,Full English,Undergrad ( I or II year )
5/3/2026 20:02:41,AI tools (ChatGPT/Gemini/Claude),SAP,Too advanced for me,I never understood it properly,Sometimes,5 to 10 minutes,Tamil explanation with English technical terms,Student (12th grade currently and from Reddit)
5/3/2026 20:06:27,"YouTube, Google search, Ask a friend, AI tools (ChatGPT/Gemini/Claude)",Data Science,Too long,I never understood it properly,Know it exists but never use it,5 to 10 minutes,Tamil explanation with English technical terms,Undergrad ( I or II year )
5/3/2026 20:32:11,"YouTube, AI tools (ChatGPT/Gemini/Claude)",Embeded systems,Too slow,I am good at it,Sometimes,5 to 10 minutes,Full English,Undergrad ( I or II year )
5/3/2026 20:35:21,"YouTube, AI tools (ChatGPT/Gemini/Claude)",Core,Too basic for me,I am good at it,Know it exists but never use it,Don't care if the content is good,Full English,Undergrad ( I or II year )
5/3/2026 22:31:46,"YouTube, Google search, Ask a friend, AI tools (ChatGPT/Gemini/Claude), Official documentation, Textbook",AI Enginneer,Language or accent issues,I never understood it properly,Know it exists but never use it,5 to 10 minutes,Tamil explanation with English technical terms,Undergrad ( I or II year )
5/3/2026 22:32:02,Google search,AI Enginneer,Too long,I am good at it,Know it exists but never use it,Don't care if the content is good,Full English,Working Professional
5/3/2026 22:41:21,"YouTube, AI tools (ChatGPT/Gemini/Claude)",Data Science,Bad audio or video quality,I never understood it properly,Sometimes,10 to 20 minutes,Full English,Undergrad ( III or IV year )
5/3/2026 23:06:26,"YouTube, AI tools (ChatGPT/Gemini/Claude), Official documentation",SDE,Too long,I am good at it,Sometimes,20 to 30 minutes,No preference,Working Professional
5/4/2026 9:56:27,AI tools (ChatGPT/Gemini/Claude),AI Enginneer,Too slow,I feel it's less relevant than coding knowledge,Sometimes,10 to 20 minutes,Full English,Undergrad ( I or II year )
5/4/2026 10:49:05,"Google search, AI tools (ChatGPT/Gemini/Claude)",AI Enginneer,Too basic for me,I am good at it,Sometimes,10 to 20 minutes,Full English,Undergrad ( III or IV year )
5/4/2026 10:49:11,"YouTube, Google search, AI tools (ChatGPT/Gemini/Claude)",Data Science,Too slow,I am good at it,Regularly,Don't care if the content is good,Full English,Undergrad ( III or IV year )
5/4/2026 11:39:21,"YouTube, Google search, AI tools (ChatGPT/Gemini/Claude)",Data Science,Language or accent issues,I never understood it properly,Sometimes,Don't care if the content is good,Tamil explanation with English technical terms,Working Professional
5/4/2026 13:29:55,"YouTube, AI tools (ChatGPT/Gemini/Claude)",Data Science,Too long,I am good at it,Sometimes,5 to 10 minutes,Full English,Working Professional
5/4/2026 13:52:21,"YouTube, Ask a friend, AI tools (ChatGPT/Gemini/Claude)",SDE,Bad audio or video quality,I am good at it,Know it exists but never use it,5 to 10 minutes,Tamil explanation with English technical terms,Undergrad ( I or II year )
5/4/2026 14:09:58,"YouTube, Google search, AI tools (ChatGPT/Gemini/Claude)",Data Science,Too advanced for me,I am good at it,Know it exists but never use it,Don't care if the content is good,Tamil explanation with English technical terms,Undergrad ( I or II year )
5/4/2026 14:10:24,YouTube,Data Science,Too long,I never understood it properly,Sometimes,10 to 20 minutes,Tamil explanation with English technical terms,Undergrad ( I or II year )
5/4/2026 14:10:29,"YouTube, AI tools (ChatGPT/Gemini/Claude)",AI Enginneer,Too advanced for me,I am good at it,Know it exists but never use it,Don't care if the content is good,Full English,Undergrad ( I or II year )
5/4/2026 16:01:22,"YouTube, Ask a friend, AI tools (ChatGPT/Gemini/Claude)",AI Enginneer,Too basic for me,I never understood it properly,Never heard of it,5 to 10 minutes,Tamil explanation with English technical terms,Undergrad ( I or II year )
5/4/2026 16:06:47,"YouTube, Google search, AI tools (ChatGPT/Gemini/Claude), Official documentation",AI Enginneer,Too slow,I am good at it,Sometimes,10 to 20 minutes,Full English,Undergrad ( III or IV year )
5/4/2026 17:40:04,AI tools (ChatGPT/Gemini/Claude),Data Science,Too long,I am good at it,Sometimes,Under 5 minutes,Full English,Undergrad ( I or II year )
5/4/2026 17:41:50,"Google search, AI tools (ChatGPT/Gemini/Claude)",AI Enginneer,Too long,I feel it's less relevant than coding knowledge,Sometimes,Don't care if the content is good,Tamil explanation with English technical terms,Undergrad ( I or II year )
5/4/2026 19:44:42,"YouTube, Google search",SDE,Too basic for me,I am good at it,Sometimes,10 to 20 minutes,Full English,Undergrad ( III or IV year )
5/4/2026 20:18:40,"YouTube, Google search, AI tools (ChatGPT/Gemini/Claude), Official documentation, Textbook",System engineer and quant,Too slow,I am good at it,Regularly,20 to 30 minutes,Full English,Undergrad ( III or IV year )